{"cameraMode":{"drawMode":0,"name":"Shaded","section":"Shading Mode"},"sceneLighting":false,"audioPlay":false,"sceneViewState":{"m_AlwaysRefresh":false,"showFog":true,"showSkybox":true,"showFlares":true,"showImageEffects":true,"showParticleSystems":true,"showVisualEffectGraphs":true,"m_FxEnabled":true},"in2DMode":false,"pivot":{"x":605.5565795898438,"y":-15.786651611328125,"z":1410.141357421875},"rotation":{"x":-0.10032860189676285,"y":-0.007167443633079529,"z":0.0007236636010929942,"w":-0.9949328303337097},"size":1025.9837646484375,"orthographic":false}